term,Coef.,Std.Err.,t,P>|t|,[0.025,0.975]
Intercept,-16659.397226928864,8340.658768221478,-1.9973718731189904,0.047189438751972686,-33109.942712472715,-208.85174138501316
C(REF_AREA)[T.AFG],-27860.714537428972,2417.738357565648,-11.523461358110367,1.0187605481820384e-23,-32629.296483835446,-23092.1325910225
C(REF_AREA)[T.AGO],-21279.890869070587,2881.044860803558,-7.386171301454628,4.429290900613901e-12,-26962.26690741408,-15597.514830727092
C(REF_AREA)[T.ALB],-30383.71784280354,756.8195485750583,-40.14658170499173,1.2444376546604035e-95,-31876.417011317488,-28891.018674289593
C(REF_AREA)[T.AND],2031.3799000817692,2497.6271193339903,0.8133239282825575,0.41703458046939856,-2894.769181700285,6957.528981863823
C(REF_AREA)[T.ARE],10652.805047760708,1094.3092150374794,9.734730276758071,1.796757670942675e-18,8494.464319830113,12811.145775691304
C(REF_AREA)[T.ARG],-20752.493657719293,1386.391191203395,-14.968714306173583,3.9673116651783675e-34,-23486.91691917014,-18018.070396268446
C(REF_AREA)[T.ARM],-24272.607225099087,1094.9191241236526,-22.16840193062324,5.9730595179366826e-55,-26432.150896039697,-22113.063554158478
C(REF_AREA)[T.ATG],-17111.822054910885,965.5349617507719,-17.722633289096642,2.380598543204374e-42,-19016.177244057515,-15207.466865764254
C(REF_AREA)[T.AUS],6336.762201501667,1299.845364856815,4.875012345949086,2.266107404976561e-06,3773.0360147618603,8900.488388241472
C(REF_AREA)[T.AUT],1650.900799416443,879.3566270420732,1.8773962106473725,0.06197242763746377,-83.48213041712984,3385.283729250016
C(REF_AREA)[T.AZE],-19981.38194909281,995.1337517036272,-20.07909179533457,3.763128905916479e-49,-21944.115769228603,-18018.64812895702
C(REF_AREA)[T.BDI],-26215.842017274055,2072.428265555879,-12.649818791311596,4.184666896592077e-27,-30303.357931238665,-22128.326103309446
C(REF_AREA)[T.BEL],703.7319917059374,1405.0294913059201,0.5008663491126054,0.6170359166839265,-2067.4521794200555,3474.91616283193
C(REF_AREA)[T.BEN],-26777.637446613364,1761.5535455619897,-15.20114873264921,7.882664911697655e-35,-30252.005303130747,-23303.26959009598
C(REF_AREA)[T.BFA],-24688.534395133473,2152.1393633299367,-11.471624382602105,1.4548713666924404e-23,-28933.26703215009,-20443.801758116857
C(REF_AREA)[T.BGD],-26935.119556935395,976.0004439828102,-27.59744600834402,6.452967181209983e-69,-28860.116148190726,-25010.122965680064
C(REF_AREA)[T.BGR],-21759.483316696744,1161.6298653391118,-18.731855960284346,2.7076911237628688e-45,-24050.602695652233,-19468.363937741255
C(REF_AREA)[T.BHR],-7907.400053202869,1019.2625924619002,-7.757961600556282,4.875893778781675e-13,-9917.723950266367,-5897.07615613937
C(REF_AREA)[T.BHS],3041.3581438990764,1062.7588763114713,2.8617574613488537,0.00467778086006817,945.2451484197859,5137.471139378367
C(REF_AREA)[T.BIH],-24653.928598681377,1244.1947962059621,-19.815167748539757,2.1095071365551184e-48,-27107.893406095212,-22199.963791267543
C(REF_AREA)[T.BLR],-22756.22992720954,1827.9947165327098,-12.448739441858416,1.6938542177543363e-26,-26361.64180980925,-19150.81804460983
C(REF_AREA)[T.BLZ],-24742.258295052317,991.9478485394435,-24.94310394592128,2.7416116255933565e-62,-26698.70845746138,-22785.808132643255
C(REF_AREA)[T.BMU],75467.2149071663,1784.3442934250256,42.2940881898459,1.4819344445730078e-99,71947.89613672365,78986.53367760895
C(REF_AREA)[T.BRA],-20503.22223576037,1067.0552246431464,-19.214771421617126,1.0965154958415077e-46,-22607.809055144466,-18398.635416376277
C(REF_AREA)[T.BRB],-14950.271054244311,441.81780352492,-33.83809102975875,4.413678140043624e-83,-15821.6823030658,-14078.859805422822
C(REF_AREA)[T.BRN],6294.200418623375,920.2045009699006,6.840001773507143,1.0187107895645039e-10,4479.251933153149,8109.148904093601
C(REF_AREA)[T.BTN],-23520.78127080027,954.4994485278912,-24.64200613952788,1.63664466893502e-61,-25403.37076765878,-21638.191773941762
C(REF_AREA)[T.BWA],-17683.62356369781,2204.971923142482,-8.019886048478776,9.977830135776638e-14,-22032.559531945935,-13334.687595449683
C(REF_AREA)[T.CAF],-22640.43156042237,2166.1593461121925,-10.45187723657415,1.505942928815497e-20,-26912.8162535745,-18368.04686727024
C(REF_AREA)[T.CAN],-387.2590476334566,1392.3921203370492,-0.27812499221822284,0.7812141421354972,-3133.5181316987982,2359.000036431885
C(REF_AREA)[T.CHE],36802.80858031656,1475.68711115756,24.939438924453075,2.801697094311493e-62,33892.26414742104,39713.35301321208
C(REF_AREA)[T.CHL],-23173.253357101836,1098.4314706620107,-21.096676466430456,5.276684385966473e-52,-25339.72454037641,-21006.78217382726
C(REF_AREA)[T.CHN],-25276.69055732173,331.4421220676398,-76.2627586368257,4.649681776375862e-146,-25930.404353367787,-24622.976761275673
C(REF_AREA)[T.CIV],-22687.705622917587,2093.7805582388646,-10.835760955771233,1.1222911253865815e-21,-26817.335340091653,-18558.07590574352
C(REF_AREA)[T.CMR],-24540.25583137847,2059.3990226013807,-11.916221947303752,6.790742250328244e-25,-28602.073756752317,-20478.43790600462
C(REF_AREA)[T.COD],-24575.0956028601,1971.2013585606037,-12.467065069803496,1.491329256392377e-26,-28462.958481715374,-20687.232724004825
C(REF_AREA)[T.COG],-20534.92541374476,2411.671251455,-8.514811212911258,4.660722316756378e-15,-25291.5410145888,-15778.309812900718
C(REF_AREA)[T.COL],-25514.55127854016,1029.4952715780128,-24.783553633453213,7.056036733389501e-62,-27545.05741275259,-23484.045144327727
C(REF_AREA)[T.COM],-24882.504288252392,2067.828830755022,-12.033154736104098,3.0244544419805365e-25,-28960.948591268527,-20804.059985236257
C(REF_AREA)[T.CPV],-28796.201960903498,1613.584218592056,-17.846110310889024,1.0331118639902975e-42,-31978.725226792307,-25613.67869501469
C(REF_AREA)[T.CRI],-26783.740138330886,1011.7091780342937,-26.4737542367368,3.7118964889520974e-66,-28779.166196858423,-24788.31407980335
C(REF_AREA)[T.CUB],-26502.535051433668,832.3127073727121,-31.84204063769719,9.342745895526973e-79,-28144.1317683499,-24860.938334517436
C(REF_AREA)[T.CUW],-9290.906895724673,1600.6495066212676,-5.8044605376078815,2.6142321586667615e-08,-12447.918619476237,-6133.8951719731085
C(REF_AREA)[T.CYM],54940.91235744907,1284.0782075980035,42.78626646909734,1.9680720847037546e-100,52408.28423440803,57473.54048049012
C(REF_AREA)[T.CYP],-10137.59476034541,859.6389388518279,-11.792851977931145,1.5922305722076054e-24,-11833.087869187952,-8442.101651502868
C(REF_AREA)[T.CZE],-15724.386254093455,765.5656004136085,-20.53956740689252,1.8959112408804248e-50,-17234.335537686704,-14214.436970500208
C(REF_AREA)[T.DEU],1286.0956936659854,1038.7345252578532,1.2381370430974439,0.2171692106975477,-762.6333132398831,3334.824700571854
C(REF_AREA)[T.DMA],-21961.212448762908,1315.935273679534,-16.68867222272747,2.7267339065735115e-39,-24556.673272334385,-19365.75162519143
C(REF_AREA)[T.DNK],12921.345551983799,1138.8943655350747,11.345517146283449,3.4576781214995344e-23,10675.068119456799,15167.6229845108
C(REF_AREA)[T.DOM],-26842.671798007086,958.5389980949324,-28.003734695569083,6.73463589570343e-70,-28733.228626432607,-24952.114969581566
C(REF_AREA)[T.DZA],-25521.17971906075,1363.2434699544028,-18.720925705159896,2.912352099240575e-45,-28209.947996669784,-22832.411441451717
C(REF_AREA)[T.ECU],-27699.386692225034,800.0001640782557,-34.62422626392798,9.787138039247372e-85,-29277.252356476176,-26121.521027973893
C(REF_AREA)[T.EGY],-23211.96680572753,1521.557957872607,-15.255394436753333,5.407883007304702e-35,-26212.983762594584,-20210.949848860477
C(REF_AREA)[T.ERI],-26014.955983579224,1790.305696202202,-14.531013356414539,8.364627591954893e-33,-29546.032617551467,-22483.87934960698
C(REF_AREA)[T.ESP],-14381.93917279713,1412.7084901695505,-10.180401174676199,9.309539684364688e-20,-17168.26887662024,-11595.60946897402
C(REF_AREA)[T.EST],-17336.019924119948,1031.1716762697429,-16.811962860377324,1.1717788962564768e-39,-19369.83248440733,-15302.207363832567
C(REF_AREA)[T.ETH],-26163.39425018541,1905.0939459329313,-13.733387954982506,2.186747426021773e-30,-29920.87138511041,-22405.91711526041
C(REF_AREA)[T.FIN],1148.2505033527452,1211.7434526945908,0.9476019868721763,0.3445170742549697,-1241.7094913315739,3538.210498037064
C(REF_AREA)[T.FJI],-16847.569652287577,1799.9576740007803,-9.359981012687008,2.0942969669212198e-17,-20397.683187806007,-13297.456116769146
C(REF_AREA)[T.FRA],-5481.447184671489,1483.351824596214,-3.695311586759671,0.00028599655832003826,-8407.108974667944,-2555.7853946750324
C(REF_AREA)[T.FSM],-27046.91701732388,1177.6675150606811,-22.966513613929692,4.1916187586396214e-57,-29369.667960830495,-24724.16607381727
C(REF_AREA)[T.GAB],-16596.648780107003,2207.942634429223,-7.516793471582842,2.0530782742498088e-12,-20951.443976325605,-12241.853583888402
C(REF_AREA)[T.GBR],2942.569615975822,1064.5559693400164,2.7641286139235137,0.006260582624590025,842.9121569919853,5042.227074959659
C(REF_AREA)[T.GEO],-24248.00788608113,1289.7374489760607,-18.80073181199161,1.7112714244793114e-45,-26791.797910153073,-21704.217862009187
C(REF_AREA)[T.GHA],-25183.32984258947,1622.5776526430238,-15.520569879394207,8.589006448126047e-36,-28383.59114333116,-21983.068541847784
C(REF_AREA)[T.GIN],-26516.25738064917,1883.0693001567058,-14.081402834427035,1.9259628617753481e-31,-30230.2946090616,-22802.220152236743
C(REF_AREA)[T.GMB],-27035.192455702316,2357.0597802795937,-11.469879840084246,1.4724162258531797e-23,-31684.096122085448,-22386.288789319184
C(REF_AREA)[T.GNB],-25192.219657314177,2190.0014492009504,-11.503289035039623,1.1703297124333759e-23,-29511.628885605787,-20872.810429022567
C(REF_AREA)[T.GNQ],-19206.30710884796,2061.3320239628133,-9.31742527917688,2.762080907855413e-17,-23271.93755403631,-15140.676663659606
C(REF_AREA)[T.GRC],-17968.595690535854,1150.9267175447098,-15.612284793308598,4.5491830176977324e-36,-20238.604912065748,-15698.586469005959
C(REF_AREA)[T.GRD],-25547.637230661803,814.351672207964,-31.371750194107303,1.0393243581909308e-77,-27153.80882899257,-23941.465632331037
C(REF_AREA)[T.GTM],-29179.399522804084,1279.2299165134204,-22.810129083232678,1.1007264118961587e-56,-31702.46520776554,-26656.333837842627
C(REF_AREA)[T.GUY],-20926.736865683757,1289.4969417217517,-16.22860527124797,6.438088318527555e-38,-23470.052529679768,-18383.421201687746
C(REF_AREA)[T.HKG],-4268.1435922571945,1890.728957099129,-2.257406370295211,0.02510273911383309,-7997.288204682873,-538.9989798315169
C(REF_AREA)[T.HND],-25971.973143053558,1481.6993602471148,-17.52850398661305,8.869802576367003e-42,-28894.375725271166,-23049.57056083595
C(REF_AREA)[T.HRV],-20382.82513533354,743.1321213990993,-27.428265510793253,1.663390359173764e-68,-21848.528157668232,-18917.122112998848
C(REF_AREA)[T.HTI],-19984.012753319425,1698.1184491647243,-11.768326740192489,1.885863740775339e-24,-23333.265559855496,-16634.759946783353
C(REF_AREA)[T.HUN],-17603.635929849803,947.0596463070092,-18.587673963824678,7.087043236945126e-45,-19471.55166912643,-15735.720190573173
C(REF_AREA)[T.IDN],-22317.63202432434,1125.5204351470013,-19.828722187002754,1.9304057025395473e-48,-24537.53163031709,-20097.732418331587
C(REF_AREA)[T.IND],-25019.980294526697,1033.9528602648063,-24.1983762084848,2.3240527357567174e-60,-27059.278272103747,-22980.682316949646
C(REF_AREA)[T.IRL],3351.9588609590073,642.139784430323,5.219983159792399,4.60318102939969e-07,2085.446223840192,4618.471498077823
C(REF_AREA)[T.IRN],-23570.9797889077,973.2774713919246,-24.218149994983307,2.063744602421734e-60,-25490.60577506971,-21651.353802745693
C(REF_AREA)[T.IRQ],-23327.266778152192,2203.744039154175,-10.585288655893764,6.1239156704651224e-21,-27673.780951915982,-18980.752604388403
C(REF_AREA)[T.ISL],8702.646739660951,1662.669388630313,5.2341414349548385,4.3047294611537246e-07,5423.311238094002,11981.9822412279
C(REF_AREA)[T.ISR],-6897.948906718733,1859.311857097309,-3.7099472476271753,0.000271001873479165,-10565.128577649266,-3230.7692357882015
C(REF_AREA)[T.ITA],-6773.92573858939,1201.30781738293,-5.63879268957602,6.017050862175958e-08,-9143.303199191496,-4404.548277987284
C(REF_AREA)[T.JAM],-22526.188174561026,924.8155909188192,-24.35749180242614,8.947842497747771e-61,-24350.231258797434,-20702.14509032462
C(REF_AREA)[T.JOR],-24670.50205575811,2043.0368944763745,-12.07540701905978,2.2574028825919377e-25,-28700.048437547623,-20640.955673968594
C(REF_AREA)[T.JPN],-8430.669109895804,1618.7370101894237,-5.208177150968613,4.867342309467003e-07,-11623.355389870861,-5237.982829920746
C(REF_AREA)[T.KAZ],-16988.317237852432,1680.1925334876212,-10.110934847799449,1.4805768841982492e-19,-20302.21419308096,-13674.420282623905
C(REF_AREA)[T.KEN],-27122.934784741345,1729.6216264804073,-15.681426717549538,2.8183069607271327e-36,-30534.322305785263,-23711.547263697426
C(REF_AREA)[T.KGZ],-25787.658338123565,1408.0950751382873,-18.313861608805777,4.431924310191857e-44,-28564.888857346934,-23010.427818900196
C(REF_AREA)[T.KHM],-28098.749160211504,899.1831293940907,-31.249195232505844,1.954989918803866e-77,-29872.236528654146,-26325.261791768862
C(REF_AREA)[T.KNA],-14526.936123621626,1188.513637106105,-12.222776138263804,8.13004621752976e-26,-16871.079217197945,-12182.793030045308
C(REF_AREA)[T.KOR],-15387.549952773215,1196.554908732905,-12.85987783800737,9.693734575334542e-28,-17747.553101092726,-13027.546804453705
C(REF_AREA)[T.KWT],-590.5207508803783,1309.6402053270147,-0.45090304075761506,0.6525656066947731,-3173.5656117388985,1992.524109978142
C(REF_AREA)[T.LAO],-24638.90491569435,1412.0104739079081,-17.449519936989724,1.5161896804113903e-41,-27423.857899934403,-21853.9519314543
C(REF_AREA)[T.LBN],-24413.687982223673,1247.2782364677357,-19.573570089190923,1.0292352438351822e-47,-26873.73435653622,-21953.641607911126
C(REF_AREA)[T.LBR],-25200.005399718568,1973.603764018884,-12.76852317529196,1.831556459343525e-27,-29092.606618957307,-21307.40418047983
C(REF_AREA)[T.LBY],-16436.424815371134,2022.7689042505629,-8.125705700157992,5.21908991767896e-14,-20425.995998033617,-12446.85363270865
C(REF_AREA)[T.LCA],-19401.413362438037,1001.7096388261122,-19.368300563798357,3.9773107523485684e-47,-21377.117013041945,-17425.70971183413
C(REF_AREA)[T.LIE],126211.89398119059,2074.5302460526896,60.8387822840087,7.059028280751005e-128,122120.23226451022,130303.55569787095
C(REF_AREA)[T.LKA],-28270.70857643189,749.1864723689267,-37.735209616158635,5.047314117186211e-91,-29748.352786960742,-26793.06436590304
C(REF_AREA)[T.LSO],-21595.85953374053,2005.9460010846155,-10.765922672925216,1.8029687522518006e-21,-25552.25037161002,-17639.468695871044
C(REF_AREA)[T.LTU],-20104.980687005376,1182.6771376679687,-16.99955131173742,3.2491560992814656e-40,-22437.61226786411,-17772.34910614664
C(REF_AREA)[T.LUX],51629.04467097323,1377.0065807540645,37.49368041705405,1.5031504840397059e-90,48913.13097397657,54344.958367969884
C(REF_AREA)[T.LVA],-18798.389229555385,1445.7651223713888,-13.002381188115594,3.59084218955742e-28,-21649.91757616522,-15946.860882945552
C(REF_AREA)[T.MAC],15178.636623310458,1899.3685931245877,7.991411818777413,1.1870554416085598e-13,11432.451783084445,18924.82146353647
C(REF_AREA)[T.MAR],-23236.336825902836,1257.258640224062,-18.481747575631516,1.4389882193333846e-44,-25716.067866681187,-20756.605785124484
C(REF_AREA)[T.MCO],124996.40536337504,3904.5267640124475,32.013202346428216,3.911052933588495e-79,117295.38354773175,132697.42717901833
C(REF_AREA)[T.MDA],-21856.738953091608,1733.9336839687242,-12.605291168382337,5.704241842834176e-27,-25276.631281707574,-18436.846624475642
C(REF_AREA)[T.MDG],-27298.84219462761,1645.9978124722634,-16.584980847347037,5.5529891513614047e-39,-30545.295818452643,-24052.388570802577
C(REF_AREA)[T.MDV],-24121.5252472149,881.7185251713747,-27.35739871465957,2.475721752478513e-68,-25860.56662354389,-22382.48387088591
C(REF_AREA)[T.MEX],-23120.21261061812,1237.9171095103616,-18.67670495301818,3.911338019368272e-45,-25561.79573771152,-20678.62948352472
C(REF_AREA)[T.MHL],-19768.55841863226,2294.875988076087,-8.614216420123538,2.4946726366052068e-15,-24294.815021931485,-15242.301815333032
C(REF_AREA)[T.MKD],-21855.241066456394,1524.2732165878695,-14.33813887734641,3.210692264586588e-32,-24861.613414095533,-18848.868718817255
C(REF_AREA)[T.MLI],-24112.480906204182,2321.3860893683855,-10.387104935553753,2.3284809800341796e-20,-28691.02422201069,-19533.937590397676
C(REF_AREA)[T.MLT],-15086.80100798124,1325.8965459228925,-11.378565736801166,2.7563246084880686e-23,-17701.908764329488,-12471.693251632989
C(REF_AREA)[T.MMR],-22700.923652803904,1335.6077273296034,-16.996699845539105,3.313058762716896e-40,-25335.18507984998,-20066.662225757827
C(REF_AREA)[T.MNE],-23677.49069934659,1217.3432160932662,-19.450135661274796,2.318966610147512e-47,-26078.49528475906,-21276.486113934116
C(REF_AREA)[T.MNG],-21395.722925319234,1915.1783021350507,-11.171661093626202,1.1371558326958437e-22,-25173.089755411653,-17618.356095226816
C(REF_AREA)[T.MOZ],-23078.601071274315,2239.843921797404,-10.303664843197854,4.077761383102329e-20,-27496.316187067758,-18660.885955480873
C(REF_AREA)[T.MRT],-24221.631012984697,2139.3981653040278,-11.321703180736618,4.070945661046604e-23,-28441.23378154726,-20002.028244422134
C(REF_AREA)[T.MUS],-20176.7917814361,561.2017062576639,-35.95283399258297,1.8032527321691864e-87,-21283.667683197167,-19069.91587967503
C(REF_AREA)[T.MWI],-25842.053280579385,2024.0814925992865,-12.767298834096604,1.8472375741685558e-27,-29834.213322819334,-21849.893238339435
C(REF_AREA)[T.MYS],-21441.634881033264,727.3836483706881,-29.47775211755408,2.1846260227397196e-73,-22876.27669116865,-20006.99307089788
C(REF_AREA)[T.NAM],-20077.905002705604,2264.3281460354838,-8.867047401172465,5.020775609063647e-16,-24543.911129521028,-15611.89887589018
C(REF_AREA)[T.NER],-26396.96264680808,2235.4186107297933,-11.808509833507339,1.429111269220037e-24,-30805.949581407633,-21987.975712208525
C(REF_AREA)[T.NGA],-21904.234855855655,2059.030042241198,-10.638132716127588,4.2844934406742066e-21,-25965.32502957737,-17843.14468213394
C(REF_AREA)[T.NIC],-26264.52271115171,1335.1484129108355,-19.671612876272594,5.405493694674492e-48,-28897.878217820504,-23631.167204482914
C(REF_AREA)[T.NLD],2828.5146594834896,1063.411858141924,2.6598487103817803,0.008474813744335558,731.1137672562795,4925.915551710699
C(REF_AREA)[T.NOR],26175.82257216989,1201.0553103972338,21.794019264202387,6.286292519171587e-54,23806.943139094034,28544.70200524575
C(REF_AREA)[T.NPL],-25086.576800288574,1495.1230083278865,-16.77893836196452,1.4690773052619845e-39,-28035.455268820588,-22137.69833175656
C(REF_AREA)[T.NZL],-3628.8618647565377,1187.7194173015077,-3.055319136737945,0.0025662459476270202,-5971.438493454707,-1286.2852360583684
C(REF_AREA)[T.OMN],-10214.360275297826,1168.2665617372763,-8.743176095110103,1.1038591331516128e-15,-12518.569420782034,-7910.1511298136165
C(REF_AREA)[T.PAK],-26456.70580822095,1368.0209505515788,-19.33940105051297,4.812895614522951e-47,-29154.89686214228,-23758.514754299624
C(REF_AREA)[T.PAN],-26260.54135618387,941.3907890053239,-27.895473020222376,1.227411702007303e-69,-28117.276228638835,-24403.806483728902
C(REF_AREA)[T.PER],-25140.15969749322,1214.8368389351933,-20.694268474380983,6.986699845265544e-51,-27536.22087584534,-22744.098519141102
C(REF_AREA)[T.PHL],-25802.659154848352,1112.7507207534925,-23.188175638633815,1.0723784221061158e-57,-27997.37264865196,-23607.945661044745
C(REF_AREA)[T.PLW],-10518.882428119567,1890.8187887804133,-5.563136187632392,8.758052375188604e-08,-14248.20421841573,-6789.560637823402
C(REF_AREA)[T.PNG],-21644.366700989973,1445.0330791853214,-14.978457595719956,3.70730009853661e-34,-24494.451215635876,-18794.28218634407
C(REF_AREA)[T.POL],-21827.929263036473,782.3418454402344,-27.90075641518779,1.1919403122111408e-69,-23370.966866096598,-20284.891659976347
C(REF_AREA)[T.PRI],-10624.09067054303,1591.2883499945544,-6.6764082515776515,2.5374777049895345e-10,-13762.63908855767,-7485.542252528391
C(REF_AREA)[T.PRT],-17551.679015624002,642.1986790431114,-27.33060591431977,2.877842224421571e-68,-18818.307812453153,-16285.050218794851
C(REF_AREA)[T.PRY],-25505.759831553805,1059.755084075691,-24.06759846195945,5.104878950691189e-60,-27595.948352458967,-23415.571310648644
C(REF_AREA)[T.PSE],-28589.87011151,2506.4229433244977,-11.4066423576496,2.273249137755014e-23,-33533.36747556323,-23646.37274745677
C(REF_AREA)[T.PYF],-3708.434459509713,1327.978114876594,-2.792541848367983,0.005755996075092762,-6327.647760240696,-1089.2211587787306
C(REF_AREA)[T.QAT],32905.124003351135,1411.671521535513,23.30933471517464,5.103645075943248e-58,30120.839545611743,35689.40846109053
C(REF_AREA)[T.ROU],-21190.474675765276,785.2824911476847,-26.98452456872628,2.0267611335278034e-67,-22739.31220750149,-19641.63714402906
C(REF_AREA)[T.RUS],-17983.726647916505,1997.8125045416432,-9.001708922651128,2.1216124717314665e-16,-21924.075532919334,-14043.377762913673
C(REF_AREA)[T.RWA],-25661.20550311946,1938.7474477026446,-13.235971262542314,7.041842268887376e-29,-29485.05850558622,-21837.3525006527
C(REF_AREA)[T.SAU],-8673.38866538369,1398.6306437318697,-6.201343223998786,3.3324387939474634e-09,-11431.952186750812,-5914.8251440165695
C(REF_AREA)[T.SDN],-26401.87983597931,2026.0549170159484,-13.03117680288006,2.9377276446939136e-28,-30397.932125706026,-22405.827546252596
C(REF_AREA)[T.SEN],-25236.32830014599,1985.15783649681,-12.712504686619935,2.7051725318869397e-27,-29151.71798251735,-21320.938617774627
C(REF_AREA)[T.SGP],19999.32587472564,1851.1687001840617,10.803621448837758,1.396016592183955e-21,16348.20721011606,23650.44453933522
C(REF_AREA)[T.SLE],-21799.472720644757,2029.8571288465257,-10.739412351169953,2.158039702920874e-21,-25803.024233202996,-17795.921208086518
C(REF_AREA)[T.SLV],-28166.23787481719,1060.2931492375392,-26.564575933619526,2.2081839802722808e-66,-30257.487638684703,-26074.98811094968
C(REF_AREA)[T.SMR],8078.188574438414,1805.9275234489317,4.473152144561603,1.3143528858823982e-05,4516.300515753679,11640.07663312315
C(REF_AREA)[T.SRB],-23672.973526274345,1230.266372665601,-19.242152798976733,9.149215044791065e-47,-26099.466862745667,-21246.480189803024
C(REF_AREA)[T.STP],-23708.93959090175,2593.6984054496793,-9.140977818040199,8.659367791349865e-17,-28824.57311342395,-18593.306068379552
C(REF_AREA)[T.SUR],-14006.027097323493,1827.2729242409591,-7.664989127522662,8.509866117168851e-13,-17610.01536612284,-10402.038828524146
C(REF_AREA)[T.SVK],-16515.16189445069,597.5634436634608,-27.63750371542439,5.159527871135744e-69,-17693.755202684082,-15336.568586217301
C(REF_AREA)[T.SVN],-17318.51441921894,917.5271836569055,-18.875205800654424,1.0425265177720998e-45,-19128.182346946596,-15508.846491491284
C(REF_AREA)[T.SWE],4324.809426005137,1385.8673160619896,3.1206518660778406,0.0020814807665789073,1591.4194200898446,7058.199431920429
C(REF_AREA)[T.SWZ],-21890.162611700776,2471.887207506142,-8.855647840738454,5.399306157142285e-16,-26765.544050052646,-17014.781173348907
C(REF_AREA)[T.SXM],9265.404431436928,1765.3057104243162,5.248611827811884,4.019164118248501e-07,5783.636061308782,12747.172801565073
C(REF_AREA)[T.SYC],-12774.557291991458,664.4177973011463,-19.226693420738414,1.0133840040781534e-46,-14085.009559569122,-11464.105024413793
C(REF_AREA)[T.SYR],-28516.711302105643,1685.4103688422954,-16.919743600304127,5.605587351261954e-40,-31840.899559283265,-25192.52304492802
C(REF_AREA)[T.TCA],-1931.266018106704,1406.7658918512507,-1.3728410884096933,0.17139479298700847,-4705.874947030116,843.3429108167084
C(REF_AREA)[T.TCD],-25893.43234887957,2370.294001323533,-10.924143728339653,6.153501451344136e-22,-30568.43828863211,-21218.42640912703
C(REF_AREA)[T.TGO],-23107.549436639758,1994.624699289437,-11.58491090823831,6.675273880294019e-24,-27041.610912367403,-19173.487960912113
C(REF_AREA)[T.THA],-31696.151512650336,1038.399924927532,-30.52403101325566,8.504404451221678e-76,-33744.22057672598,-29648.082448574693
C(REF_AREA)[T.TJK],-26246.43982765844,1583.4770337402429,-16.575194504503287,5.93878354152446e-39,-29369.581739195062,-23123.297916121817
C(REF_AREA)[T.TKM],-20337.132529752053,1265.4020593744774,-16.071676491347937,1.8993698394640662e-37,-22832.92509407003,-17841.339965434076
C(REF_AREA)[T.TLS],-27240.65767394281,1748.3121237979774,-15.581118098504101,5.6455361266433786e-36,-30688.909054882493,-23792.406293003125
C(REF_AREA)[T.TON],-25092.022437011474,1138.1284947464583,-22.046739496317805,1.2810054888843986e-54,-27336.78931832252,-22847.255555700427
C(REF_AREA)[T.TTO],-15187.112111074654,1015.2839659419706,-14.958487103639225,4.259893227384126e-34,-17189.588837026746,-13184.635385122563
C(REF_AREA)[T.TUN],-26183.43589313674,1098.4890139692325,-23.835865047504342,2.0693548391570373e-59,-28350.020570898876,-24016.8512153746
C(REF_AREA)[T.TUR],-22469.979342797313,899.6182061131295,-24.97723944458684,2.2405200127023226e-62,-24244.324826834316,-20695.63385876031
C(REF_AREA)[T.TZA],-26563.53531007283,1840.4044352733663,-14.433531456974125,1.6505938289256737e-32,-30193.423274032422,-22933.64734611324
C(REF_AREA)[T.UGA],-24989.370914348565,2490.5408166452166,-10.033712656839528,2.4772043908210684e-19,-29901.543456873293,-20077.198371823837
C(REF_AREA)[T.UKR],-24562.63247682829,1754.0648670277785,-14.00326347020968,3.322991299077967e-31,-28022.230175462817,-21103.034778193763
C(REF_AREA)[T.URY],-20043.702650380124,1458.8567554921692,-13.73932195530606,2.098000978181193e-30,-22921.052039681934,-17166.353261078315
C(REF_AREA)[T.USA],9471.350261765845,1259.599798146865,7.519332946623352,2.022476323137483e-12,6987.001681058313,11955.698842473377
C(REF_AREA)[T.UZB],-22512.247358403005,1234.9942595778866,-18.228625099923583,7.854126027996373e-44,-24948.065655990995,-20076.429060815015
C(REF_AREA)[T.VCT],-28018.01984309749,1352.5770863280507,-20.714545681947232,6.131087111932381e-51,-30685.750474414108,-25350.28921178087
C(REF_AREA)[T.VNM],-31475.633240040144,763.053231555186,-41.24959038033213,1.1457582942124249e-97,-32980.62729895265,-29970.63918112764
C(REF_AREA)[T.VUT],-27149.13112303951,1572.5196904518527,-17.26473206528714,5.326470596210036e-41,-30250.661519325906,-24047.600726753117
C(REF_AREA)[T.WSM],-27414.42747116367,1375.871887386818,-19.92513090970386,1.0276438807312132e-48,-30128.103176489793,-24700.75176583755
C(REF_AREA)[T.YEM],-27848.942182657625,2314.333625480943,-12.033244419058347,3.022577617400709e-25,-32413.575700546542,-23284.30866476871
C(REF_AREA)[T.ZAF],-18521.927448923583,1804.4671113830798,-10.264486025864434,5.302748432788017e-20,-22080.93509063113,-14962.919807216038
C(REF_AREA)[T.ZMB],-24464.068001028085,2388.490284400202,-10.242481688457653,6.14497049284875e-20,-29174.963046274435,-19753.172955781734
C(REF_AREA)[T.ZWE],-26033.67959227385,1941.2048947253907,-13.41109311181531,2.0746701891728302e-29,-29862.379495345154,-22204.979689202544
C(YEAR)[T.1981],832.2173775729618,470.71241174628807,1.7679953976261908,0.07864164155502334,-96.1836223031595,1760.6183774490833
C(YEAR)[T.1982],916.5973329046465,531.5711050892875,1.7243174509093877,0.08625166565361549,-131.8371955992452,1965.0318614085381
C(YEAR)[T.1983],1138.531373957043,575.6825641194214,1.9777068907733366,0.04938503652272291,3.0944175425729554,2273.968330371513
C(YEAR)[T.1984],1143.793053883491,554.4123207863188,2.0630729350698016,0.04044439651165132,50.30807214672427,2237.2780356202575
C(YEAR)[T.1985],495.2487555792503,368.58997979753667,1.3436305453861936,0.1806454537998893,-231.73293695533346,1222.230448113834
C(YEAR)[T.1986],1428.3610617249315,603.7004416930193,2.3660096350422264,0.01897184449330628,237.66355788356395,2619.058565566299
C(YEAR)[T.1987],1280.8530763278534,587.3009739503773,2.1809142724767154,0.030398903736753313,122.50076218144432,2439.2053904742625
C(YEAR)[T.1988],1579.289929457532,652.7446172936646,2.419460670553522,0.016470949052884515,291.8610445658576,2866.7188143492067
C(YEAR)[T.1989],1675.6551418371341,678.5028218853206,2.469636216369857,0.014393565008911528,337.42253411777983,3013.8877495564884
C(YEAR)[T.1990],991.6357397588359,652.7346285896913,1.519201979373118,0.1303481178834409,-295.7734440955918,2279.0449236132636
C(YEAR)[T.1991],1489.015269413746,719.541697705981,2.069393996429915,0.03984120874756179,69.84038697436768,2908.190151853124
C(YEAR)[T.1992],1637.2126578701327,712.3968938600343,2.2981748965792073,0.02262355102429669,232.1296983734428,3042.2956173668226
C(YEAR)[T.1993],1755.6401822158518,704.3301532453651,2.4926381103042816,0.013521640003654089,366.4675107538799,3144.812853677824
C(YEAR)[T.1994],1783.9313328182839,737.9257851182892,2.4174942369473107,0.01655751322225537,328.4969324450626,3239.365733191505
C(YEAR)[T.1995],1277.7265000601374,666.0878845848516,1.9182551276345432,0.05655458462615712,-36.01973356851795,2591.4727336887927
C(YEAR)[T.1996],2312.1734203749556,768.6994433923398,3.0079030760984113,0.002981050647001324,796.0431590077951,3828.303681742116
C(YEAR)[T.1997],2187.344600290627,843.6678726547351,2.5926607746811543,0.010252808729914636,523.3517312047975,3851.3374693764567
C(YEAR)[T.1998],2692.9116735025323,844.6747388455406,3.188104899624523,0.001670940827252685,1026.932930335292,4358.890416669772
C(YEAR)[T.1999],2756.814133881846,895.992406403605,3.07682756480865,0.0023962168838773876,989.6199294620203,4524.008338301672
C(YEAR)[T.2000],2104.702153064386,969.2873425318267,2.171391351884158,0.03112162667221465,192.9460244436441,4016.458281685128
C(YEAR)[T.2001],2770.825367361025,984.2024517424256,2.815300208260581,0.0053788074856768,829.651696396307,4711.999038325744
C(YEAR)[T.2002],2878.7338221858336,1017.5197400322353,2.8291675423364606,0.0051601472126525365,871.8474081755965,4885.62023619607
C(YEAR)[T.2003],2919.8005233789004,1038.9949335177387,2.8102163246295087,0.0054610595913973685,870.5579050134215,4969.04314174438
C(YEAR)[T.2004],3125.138946376659,1013.7543291643425,3.082737953832239,0.0023513487956649667,1125.679171493542,5124.598721259776
C(YEAR)[T.2005],2361.802215524582,1074.6613924624583,2.1977175620990668,0.029159055911702588,242.213510419062,4481.390920630102
C(YEAR)[T.2006],3883.6424589537055,1240.8411119599853,3.129846699565952,0.0020204963425681788,1436.2922292088174,6330.992688698594
C(YEAR)[T.2007],3827.6367704661297,1203.046677617307,3.1816195012873085,0.0017068765944662876,1454.8297007439846,6200.443840188274
C(YEAR)[T.2008],3953.963350386259,1291.4328490030648,3.061687143422566,0.0025147812088301795,1406.829435137915,6501.097265634604
C(YEAR)[T.2009],2640.36430984876,1170.0725663030394,2.256581673554875,0.02515524499307253,332.5931243528694,4948.135495344651
C(YEAR)[T.2010],2026.8938666439421,1211.7004979841395,1.6727680396401663,0.09599315293233347,-362.98140710432926,4416.769140392214
C(YEAR)[T.2011],2833.4773826135315,1186.8745563659302,2.387343605451704,0.017936100652969262,492.5670999002423,5174.387665326821
C(YEAR)[T.2012],2820.76495652396,1220.358063813156,2.311424032148515,0.021865386596940598,413.8140914558562,5227.715821592064
C(YEAR)[T.2013],2676.047187608071,1212.4192322857389,2.2071962538593164,0.02847919540264004,284.7543314302761,5067.340043785865
C(YEAR)[T.2014],2492.572775088787,1233.8506079241952,2.020157674746572,0.04474942696767184,59.01013788344608,4926.1354122941275
C(YEAR)[T.2015],1647.529924951853,1231.8527527106605,1.3374406326783015,0.1826528552079612,-782.092279132185,4077.152129035891
C(YEAR)[T.2016],2303.329011363734,1328.142870535211,1.7342479205083905,0.08447080370781714,-316.20924217150514,4922.867264898973
C(YEAR)[T.2017],2364.6665835808335,1326.0200147375892,1.7832812154413715,0.07611207057393551,-250.68469422161525,4980.017861383282
C(YEAR)[T.2018],2507.4309738024303,1347.5403479145066,1.8607464909551725,0.06430103853173333,-150.3655387984718,5165.2274864033325
C(YEAR)[T.2019],2502.2087074848323,1389.4243074566107,1.800896021507794,0.07328043952249477,-238.1968652285941,5242.614280198259
C(YEAR)[T.2020],3007.346571733073,1363.5270366961909,2.20556431284255,0.02859525662606892,318.01900645701016,5696.674137009135
C(YEAR)[T.2021],4844.586274041575,1449.1134398053327,3.3431380463163562,0.0009949436634821166,1986.4539348961634,7702.718613186987
WB_GS_SP_DYN_LE60_IN,2031.5035488558353,413.3170985135405,4.915120995869669,1.8902199557258342e-06,1216.3051433107232,2846.701954400947
WB_GS_SE_TER_ENRR,61.48197655781131,26.541613876537692,2.316437005066985,0.021584389351834002,9.13311078244896,113.83084233317365
WB_GS_SP_POP_DPND,117.22278250856795,37.566833023932936,3.12037968262824,0.00208331167709866,43.12852777623846,191.31703724089743
WB_GS_SP_URB_TOTL_IN_ZS,-50.447550935949714,25.61231899336179,-1.9696596371857125,0.05030810032101705,-100.96353897707186,0.06843710517244261
WB_GS_FP_CPI_TOTL_ZG,0.3607741194627144,0.17725176507147786,2.0353767383767947,0.04318013366287617,0.011174848622019229,0.7103733903034096
WB_GS_SL_UEM_ZS,-48.679796258418826,42.58900657668073,-1.1430131898186386,0.25444898431949947,-132.67944297016265,35.31985045332501
